Validation Accuracy,Validation Loss,Final Test Accuracy
10.206980519480519,2.302501693948523
10.206980519480519,2.3013171963877492
10.206980519480519,2.3010612432058757
10.206980519480519,2.300530721614887
10.206980519480519,2.3000725120693057
10.206980519480519,2.2998428994959053
10.206980519480519,2.2997859608043325
10.206980519480519,2.2989663334635946
10.206980519480519,2.2989946681183655
10.206980519480519,2.2984081088722528
10.206980519480519,2.298262023306512
10.349025974025974,2.2985494043919945
10.206980519480519,2.297883411506554
10.775162337662337,2.298604677249859
10.6737012987013,2.2979185766987986
10.206980519480519,2.2965854731473057
10.430194805194805,2.2963751786715023
11.607142857142858,2.296924956433185
10.612824675324676,2.296099668973452
13.575487012987013,2.295934417031028
10.551948051948052,2.2969410109829593
11.059253246753247,2.2964344024658203
11.383928571428571,2.308228824045751
14.042207792207792,2.2981996536254883
10.247564935064934,2.3167558985871155
10.064935064935066,2.311133870830784
10.064935064935066,2.383611230107097
10.186688311688311,2.299462532068228
11.444805194805195,2.2994736045986026
10.592532467532468,2.28483272837354
11.607142857142858,2.300697252347872
10.633116883116884,2.3049447381651245
10.044642857142858,2.4235766367478804
10.430194805194805,2.453598133929364
11.992694805194805,2.3267181693733514
10.511363636363637,2.291491669493836
11.03896103896104,2.285056717984088
10.28814935064935,2.3096803504151184
10.531655844155845,2.2840209069190087
11.30275974025974,2.2792410448000027
11.282467532467532,2.281361146406694
10.511363636363637,2.3330007714110534
10.105519480519481,2.3606002423670387
10.267857142857142,3.173880214815016
10.491071428571429,2.4302155259367706
10.044642857142858,2.599680389676775
9.963474025974026,3.810150384902954
10.430194805194805,11.161168401891535,13.940746753246753
