Validation Accuracy,Validation Loss,Final Test Accuracy
12.5,2.3016342249783603
10.166396103896103,2.3008628510809563
12.621753246753247,2.2999456176510105
10.328733766233766,2.2984032073578278
10.6737012987013,2.298007903160987
10.349025974025974,2.297362618632131
10.328733766233766,2.2968636952437365
10.491071428571429,2.296706620748941
10.328733766233766,2.298043582346532
10.349025974025974,2.300074633065756
10.531655844155845,2.2974891972232174
10.328733766233766,2.3010258272096706
9.598214285714286,2.3198952736792626
10.328733766233766,2.3414400026395725
9.6387987012987,2.4173729605488963
10.38961038961039,2.385073541046737
9.6387987012987,2.390957333824851
10.430194805194805,2.439217660334203
10.328733766233766,2.396452355694461
10.085227272727273,2.3482536062017663
9.6387987012987,2.9960702549327505
9.983766233766234,4.372019647003769
10.085227272727273,14.905882971627372,11.992694805194805
