Validation Accuracy,Validation Loss,Final Test Accuracy
9.1112012987013,2.3021368608846293
4.910714285714286,2.3019356541819387
10.511363636363637,2.30166989487487
10.531655844155845,2.301177774156843
10.531655844155845,2.3008579557592217
10.531655844155845,2.3005307463856486
10.267857142857142,2.30005998735304
10.267857142857142,2.3000378763520875
15.016233766233766,2.2997064776234812
9.659090909090908,2.299539312139734
10.349025974025974,2.299689073067207
10.531655844155845,2.2989351223041483
10.612824675324676,2.2987124052914707
10.531655844155845,2.2979017232919667
11.546266233766234,2.296747616359166
10.531655844155845,2.2975732413205234
10.349025974025974,2.2973341074856846
9.841720779220779,2.298003884104939
10.531655844155845,2.316574427988622
9.821428571428571,2.3959655668828392
10.531655844155845,2.7109756531653466
10.470779220779221,2.3509455563186052
9.92288961038961,2.3418032906272193
9.395292207792208,2.776188593406182
10.267857142857142,8.031124424624753
9.943181818181818,15524.899096996753,14.448051948051948
